,auc_mean,auc_std,rmse_mean,rmse_std
0,0.8510891405049535,0.002052337667792015,0.30409391126604385,0.0007308471544587291
