,auc_mean,auc_std,rmse_mean,rmse_std
0,0.8544054017028647,0.001385752829332645,0.30238092044451964,0.0007791221327779121
