,auc_mean,auc_std,rmse_mean,rmse_std
0,0.8769508011886605,0.001450543140962855,0.288921492983849,0.0007779475847919886
