,auc_mean,auc_std,rmse_mean,rmse_std
0,0.8678488926687925,0.0024088029271281492,0.29428180721532105,0.0012987052877965447
