,auc_mean,auc_std,rmse_mean,rmse_std
0,0.7661802648720161,0.0012039346986647455,0.34354712925629866,0.0005197742405546183
1,0.7765487544796272,0.0005763680962193237,0.339647689190149,0.0002261758682049396
2,0.8000992372452357,0.0008255461140708426,0.32960026115336377,6.264803958261477e-05
3,0.805371928968432,0.000445561142986266,0.32717968619048127,0.0002696769023436912
4,0.8070939926130775,0.000531775180468969,0.326347202567084,0.00044923387244178255
5,0.8181885313530319,0.0006057146296532903,0.3212318852819204,0.0004364508171220266
6,0.8290662391962987,0.001482545881679458,0.31568898707218046,0.000757024407280557
7,0.8391087772769242,0.0019071863518875605,0.3102678020106314,0.0005166659875430039
