,auc_mean,auc_std,rmse_mean,rmse_std
0,0.8701266446925612,0.0002479652314270758,0.29290601908864056,4.2392498721499865e-05
